Latitude,Longitude,Occurrence Status
-33.12179,150.32075,1
-36.59201,148.17226,0
-35.4551,146.69346,0
-33.07626,149.54718,1
-35.52973,146.62727,0
-32.56137,148.4035,0
-37.54916,147.81571,0
-36.42774,143.55306,1
-37.22287,149.59418,0
-36.91447,144.33725,1
-32.61196,147.21263,0
-34.53206,150.2181,1
-36.36985,146.07829,1
-34.08648,151.07305,1
-37.89146,144.75857,1
-38.35901,144.24904,1
-36.16006,142.91463,0
-37.89165,143.36324,1
-33.29827,150.1234,1
-34.94702,149.25822,1
-36.82949,141.00738,0
-38.18004,146.14716,1
-35.02057,150.49585,1
-36.78682,142.6623,0
-36.57939,141.12325,0
-36.84805,145.50302,1
-38.17031,144.51061,1
-34.8393,150.512,1
-34.37683,150.88547,1
-33.5308,150.654,1
-37.85407,144.03061,1
-33.6902,150.543,1
-36.05533,146.98092,1
-36.38836,141.51116,0
-33.96327,151.04554,1
-38.1779,144.459,1
-33.18692,147.72652,0
-35.54035,142.47566,0
-37.42173,143.89623,1
-38.25659,144.54968,1
-33.43277,146.33127,0
-35.1973,148.2,1
-35.14169,150.15946,1
-32.79379,149.44918,1
-33.70726,150.90851,1
-38.52299,142.7322,1
-38.38818,143.62236,1
-37.42395,143.89674,1
-33.12245,150.32262,1
-38.3566,144.982,1
-35.94653,148.62935,1
-35.648,150.294,1
-38.14919,145.93119,1
-37.40985,144.62332,1
-38.58345,146.26359,1
-34.03846,150.41364,0
-32.53882,148.62531,1
-37.80759,145.26358,1
-37.5864,143.699,1
-34.28775,146.43973,0
-35.27806,149.10957,1
-37.6645,145.182,1
-37.43056,144.8509,1
-35.075,150.40236,1
-37.27869,145.19083,1
-37.89179,143.36323,1
-34.60751,144.77617,0
-32.1694,148.586,1
-33.4709,150.171,1
-37.873,147.579,1
-34.53498,145.50844,0
-34.82568,149.82513,1
-35.55976,142.08119,0
-35.39039,148.92277,1
-36.5577,146.07803,1
-34.29112,149.73652,1
-34.68544,144.05187,0
-37.73261,144.05537,1
-37.8794,145.57394,1
-36.52157,141.47497,0
-37.64014,140.83196,1
-36.82325,144.34828,1
-38.36749,144.25158,1
-37.7884,145.044,1
-35.9998,146.377,1
-33.76666,150.97444,1
-34.06043,151.07962,1
-37.167,149.58685,0
-37.34012,144.16028,1
-35.01682,142.84984,0
-34.74773,150.81318,1
-33.71276,150.60285,1
-37.34441,144.15575,1
-37.6394,145.187,1
-37.63089,145.75765,0
-37.05042,144.1823,1
-36.36618,146.69967,1
-36.57396,149.40656,0
-37.80955,145.63731,1
-37.28192,148.27264,0
-34.80827,148.89487,1
-33.59064,147.08855,0
-36.23058,150.09425,1
-33.52634,150.70526,1
-33.94912,149.40572,1
-33.00477,145.77153,0
-31.60376,148.72918,0
-37.67069,143.95478,1
-34.03384,151.16651,1
-33.52691,146.98889,0
-36.26703,146.27607,0
-36.0247,146.99,1
-33.23273,146.19681,0
-37.89159,143.36332,1
-33.51461,144.98397,0
-36.96361,147.40598,0
-33.5168,149.355,1
-37.5027,145.171,1
-34.49614,150.77698,1
-37.77533,146.75292,0
-35.1289,149.344,1
-37.89801,143.36305,1
-37.57729,143.88142,1
-34.4937,150.76645,1
-37.80744,145.2636,1
-33.09545,150.37978,1
-37.7667,145.25459,1
-37.73017,144.05227,1
-34.49658,150.77687,1
-38.25695,144.54897,1
-35.43837,149.79939,1
-37.8174,140.777,0
-34.25878,150.06748,1
-32.984,149.756,1
-37.58537,141.82285,0
-38.11455,145.95917,1
-36.57063,145.68633,0
-37.7924,145.387,1
-32.33468,149.63292,0
-36.66555,141.50897,0
-38.73157,145.98641,1
-34.73942,150.54789,1
-34.04694,151.08528,1
-33.75513,150.62294,1
-37.8951,145.342,1
-33.11349,146.87952,0
-33.50543,150.66206,1
-33.99926,149.1652,0
-37.4223,145.071,1
-34.64906,149.18311,1
-37.07336,144.50255,1
-33.76999,150.96852,1
-34.0671,150.77,1
-36.04592,149.52474,0
-35.9202,150.085,1
-37.57758,143.88129,1
-36.49194,147.0932,0
-33.75619,150.62327,1
-38.10366,141.98386,0
-35.4162,149.2343,1
-37.1333,143.96,1
-38.25726,144.55207,1
-35.12898,148.27707,0
-37.95539,143.33218,1
-37.85683,143.06439,0
-38.37292,145.12013,1
-37.64007,148.43851,0
-34.49661,150.77694,1
-37.75241,144.97103,1
-37.8074,145.26393,1
-36.72222,142.2089,1
-35.09072,150.64894,1
-37.34517,148.00102,0
-32.15414,148.78559,1
-37.96225,144.1349,1
-37.7908,145.596,1
-35.76764,141.46006,0
-35.25171,143.18574,0
-36.03961,146.98484,1
-38.20017,143.98173,0
-38.66984,146.20687,1
-37.25216,149.29213,0
-38.1985,145.12,1
-37.8079,145.5643,1
-33.1987,148.84468,1
-34.3278,148.299,1
-35.49875,146.54566,0
-34.46336,150.7596,1
-37.85643,145.31971,1
-35.66044,145.05073,0
-37.06421,145.30139,1
-36.19927,148.30761,1
-31.43552,148.55393,0
-34.0184,150.852,1
-34.4966,150.77687,1
-37.4862,145.138,1
-33.99042,148.20175,0
-37.73217,144.05764,1
-35.32121,145.89733,0
-37.04758,146.59321,0
-33.86847,149.91838,0
-36.26734,150.08689,1
-37.79114,140.36875,0
-34.32007,150.57009,1
-36.68936,144.3279,1
-33.718,150.427,1
-34.22464,149.51608,0
-33.20343,147.3166,0
-37.94231,146.72659,1
-37.80772,145.26337,1
-33.49012,150.21019,1
-32.87787,149.28856,1
-34.37242,150.89013,1
-35.69119,146.95478,1
-35.69664,144.58916,0
-36.33112,149.00823,0
-38.2588,145.18361,1
-37.37206,145.74114,1
-37.58744,149.21895,0
-37.6936,140.29723,1
-37.8546,144.163,1
-33.6473,150.267,1
-36.56462,140.88861,0
-37.94896,143.30726,1
-36.2807,141.69881,1
-36.32162,146.30127,1
-38.4596,145.222,1
-36.02265,147.95985,0
-38.04694,147.21773,1
-37.45328,143.86406,1
-33.60305,150.74037,1
-34.92094,143.2087,0
-34.68324,150.79241,1
-33.91371,150.96581,1
-37.34361,144.17851,1
-37.74585,149.3998,0
-33.71326,150.47524,1
-34.72008,150.82243,1
-35.0942,149.353,1
-35.38368,149.20259,1
-35.19822,149.34277,1
-36.32088,146.30156,1
-36.19298,144.47719,1
-34.49022,145.52625,0
-34.0584,151.067,1
-37.87499,143.41924,1
-34.49374,150.76646,1
-34.40408,145.26979,0
-34.0382,151.077,1
-31.13492,148.8873,1
-37.74765,145.28709,1
-37.89174,143.36332,1
-38.25684,144.54895,1
-37.11126,143.02561,0
-35.99088,145.99187,1
-35.15496,146.17241,1
-37.67885,145.81391,1
-38.3729,144.173,1
-37.80558,147.41321,1
-33.72001,150.59915,1
-34.53949,150.38697,1
-38.18199,146.31308,1
-32.69359,148.74304,0
-35.42529,142.43421,0
-36.50156,146.42676,1
-34.28191,148.36802,1
-34.79155,142.92446,0
-37.89482,144.21865,1
-35.15987,149.11727,1
-33.73678,150.61844,1
-33.96331,150.95377,1
-32.20981,147.95986,0
-32.18364,149.30015,0
-35.26606,145.91097,0
-33.36336,147.13024,0
-38.02897,145.1719,0
-36.62115,148.50974,0
-34.75415,148.0761,1
-32.80356,146.6852,0
-34.3551,144.77299,0
-36.1213,146.893,1
-35.15758,147.37182,1
-37.96695,144.11137,1
-33.75615,150.62357,1
-33.6975,150.392,1
-33.78519,150.98402,1
-34.92008,147.39167,0
-35.82573,149.58656,1
-35.76866,146.75866,0
-35.58491,149.79758,0
-33.79958,144.94122,0
-31.69304,148.98162,0
-34.97568,149.03387,1
-34.33462,144.6933,0
-34.34015,150.91049,1
-35.0094,150.51238,1
-37.75818,145.08137,1
-32.19417,148.90027,1
-36.67864,144.29466,1
-37.8712,145.083,1
-37.40849,145.50893,1
-34.22783,150.98965,1
-37.38718,144.3197,1
-34.62364,149.99666,0
-34.0423,151.112,1
-34.03696,151.04675,1
-36.03424,146.9855,1
-33.10239,147.10813,0
-33.76909,150.48165,1
-36.98785,143.56852,1
-35.46019,146.85986,0
-34.55749,150.4324,1
-37.69258,145.33179,1
-37.87958,143.36635,1
-34.23962,148.65378,0
-36.05533,146.75537,1
-33.0324,149.417,1
-34.69121,149.07523,1
-34.96893,149.02899,1
-34.77556,144.73585,0
-34.01627,146.27283,0
-33.92668,147.93044,0
-33.45528,149.15254,1
-35.23662,143.47892,1
-34.54513,150.77954,1
-37.59625,144.23939,1
-37.34383,144.17849,1
-35.3294,143.561,1
-33.68735,150.49241,1
-37.97652,147.09776,1
-36.45353,145.46236,0
-34.63696,147.10983,0
-34.1478,150.827,1
-38.14902,145.92918,1
-34.4802,150.89606,1
-37.2379,144.339,1
-35.2237,149.622,1
-37.60093,145.00285,1
-33.75527,150.6237,1
-36.12912,144.39317,1
-36.40632,141.70983,0
-37.73004,144.05238,1
-37.76163,144.95662,1
-37.79396,145.30346,1
-37.89143,143.36275,1
-36.62188,149.64447,1
-37.48113,143.80911,1
-35.09942,145.82973,0
-37.70399,141.52614,0
-37.34899,144.75063,1
-35.8543,147.284,0
-37.50412,149.90982,1
-34.32187,149.36376,0
-38.3749,144.77505,1
-33.27134,145.404,0
-38.14905,142.88632,0
-36.97245,144.17935,1
-38.16724,143.25593,1
-37.72356,145.68621,1
-33.76119,150.88696,1
-33.3427,149.015,1
-35.16808,147.67773,0
-38.296,144.39434,1
-34.59601,143.48013,0
-34.8902,150.6,1
-33.19598,146.19844,0
-32.27654,148.53486,1
-37.2276,145.90758,1
-34.9708,149.03,1
-38.3406,146.324,0
-34.42931,150.80792,1
-38.0076,145.129,1
-33.74929,150.9821,1
-34.94706,149.25828,1
-35.3844,142.1927,0
-34.73429,149.43281,1
-34.4423,150.839,1
-36.62118,142.63856,0
-37.8492,145.192,1
-36.36625,147.73953,0
-37.77078,145.10197,1
-34.14993,149.37267,0
-35.58752,150.34609,1
-33.96656,146.32134,0
-38.48342,145.96168,1
-33.50488,146.54572,0
-37.598,144.23251,1
-35.5257,150.392,1
-33.86113,148.27688,0
-37.5379,143.791,1
-35.28713,145.26526,0
-33.53927,150.42232,1
-37.80813,145.26338,1
-37.44417,142.7516,0
-33.7028,150.286,1
-34.1685,150.59035,1
-35.7838,150.227,1
-37.75282,145.69947,1
-33.54178,147.34535,0
-36.67047,143.09108,0
-34.8901,150.599,1
-33.8818,145.2003,0
-37.0509,144.216,1
-35.74223,145.37195,0
-33.4726,150.171,1
-36.3741,147.50789,0
-34.08017,151.01878,1
-35.05863,142.85584,0
-32.00997,149.77714,0
-34.08948,150.81338,1
-32.22429,147.93127,0
-37.47588,142.04034,0
-37.73271,147.67279,1
-35.24399,148.95151,1
-32.85661,149.97724,0
-34.00102,151.06079,1
-32.14738,147.17229,0
-37.71569,143.84874,1
-32.20542,147.67486,0
-34.00109,151.07851,1
-38.1603,147.087,1
-35.25056,149.62811,1
-32.08278,149.26774,0
-34.54077,146.42899,1
-37.53816,144.11992,1
-33.33204,145.38697,0
-37.89167,143.36358,1
-35.62114,145.34169,0
-33.36242,147.18191,0
-33.71977,150.92827,1
-35.12609,145.73535,0
-35.75443,150.19925,1
-34.65267,144.04669,0
-36.05559,146.98057,1
-34.7534,146.546,1
-34.49287,150.76861,1
-33.77405,150.96933,1
-36.63202,144.66846,1
-37.6724,144.594,1
-34.15919,151.07383,1
-34.23,146.033,1
-36.04266,145.00871,1
-34.83124,145.90416,0
-34.0569,151.152,1
-37.8997,145.356,1
-36.76781,147.12456,0
-33.4788,148.984,1
-37.88524,140.74311,0
-37.54914,149.46086,1
-32.25876,148.58497,1
-34.27809,146.08038,1
-33.8446,150.899,1
-33.89568,147.44219,0
-36.15756,147.96705,0
-34.43845,150.71392,1
-37.8074,145.26367,1
-34.42142,145.09575,0
-38.00742,145.99906,1
-38.44686,146.22073,1
-33.78365,145.39951,0
-34.21755,150.60078,1
-35.27773,144.50985,1
-36.55772,146.07804,1
-33.54294,147.73103,0
-35.8279,150.172,1
-34.47038,148.48092,1
-37.53781,146.90198,0
-34.5803,150.774,1
-34.40622,148.2339,0
-34.00347,151.06688,1
-35.27833,149.11284,1
-37.84089,144.07366,1
-33.96151,150.40794,0
-34.67655,150.80366,1
-33.9038,151.073,1
-32.70517,148.24305,0
-34.6673,150.27958,1
-37.80756,145.26358,1
-31.55604,148.28934,0
-34.755,149.731,1
-37.04986,144.21724,1
-33.69208,150.53265,1
-33.70067,150.58383,1
-36.77254,144.54024,1
-33.45222,148.44444,0
-37.47392,143.95158,1
-36.27585,146.61392,1
-37.06367,144.75712,1
-35.1091,147.371,1
-34.5886,150.536,1
-36.93812,149.42824,0
-37.58719,142.31834,1
-33.69497,150.72546,1
-33.9181,150.944,1
-34.8146,149.597,1
-35.80009,148.47694,0
-35.5898,149.4941,1
-32.62174,149.11432,0
-36.57687,144.78981,0
-33.67677,149.07207,0
-35.43127,149.21021,1
-38.07287,142.85042,0
-36.72965,141.73939,0
-33.75812,150.85816,1
-34.19055,150.98508,1
-35.9197,150.08532,1
-35.34727,149.23738,1
-34.18887,143.9668,0
-34.59021,150.86328,1
-37.55078,144.72521,1
-37.34368,144.17865,1
-37.89167,143.36323,1
-35.4282,149.132,1
-35.03047,143.31907,0
-35.15494,149.32918,1
-35.94624,148.62661,1
-32.48768,150.1261,0
-34.33637,145.16214,0
-36.18838,145.84368,1
-34.67206,150.71629,1
-34.53151,150.21798,1
-38.01783,143.45508,1
-37.30727,145.32389,1
-33.65939,150.68228,1
-33.24205,150.20602,1
-35.5471,149.442,1
-33.316,149.01,1
-37.7623,145.367,1
-32.3302,147.16753,0
-37.34348,144.17544,1
-34.10003,144.35429,0
-38.17018,144.51077,1
-35.18346,149.08335,1
-35.71157,147.86877,0
-32.44826,147.78203,0
-32.9762,149.96165,0
-37.11914,143.81653,1
-37.86852,145.29499,1
-38.25693,144.54884,1
-36.37569,143.83278,0
-36.12498,148.44503,1
-33.69293,144.72263,0
-35.4208,149.243,1
-37.74576,145.1717,1
-37.9782,147.071,1
-34.7346,150.789,1
-35.04311,150.66831,1
-36.04765,146.10684,0
-34.23104,150.98502,1
-37.39588,141.06,0
-37.88265,144.52983,1
-34.45627,150.26297,1
-33.60498,150.88312,1
-35.826,148.06,0
-35.47264,146.47155,0
-33.65644,150.32468,1
-37.47658,147.32302,0
-37.63379,143.7849,1
-37.81793,145.2578,1
-36.816,144.346,1
-36.799,144.3575,1
-32.54065,146.90451,0
-36.52845,148.3014,0
-34.89042,150.18602,1
-33.405,147.972,0
-33.7271,150.69879,1
-37.23379,142.78249,1
-36.96539,144.18194,1
-35.16629,144.04751,1
-34.59503,150.85058,1
-37.87792,142.3082,0
-34.62768,147.81695,0
-35.85769,149.65031,0
-34.00375,150.86374,1
-32.33646,148.54385,1
-33.70912,150.90922,1
-33.70202,150.93532,1
-37.49362,144.58339,1
-37.50827,149.17288,0
-34.20696,144.41347,0
-32.48835,148.43406,0
-36.03413,146.98558,1
-35.39683,142.83288,0
-33.3307,149.002,1
-37.59872,144.231,1
-37.49925,146.02927,0
-33.3045,149.95805,1
-35.33387,149.48148,1
-33.8169,145.32404,0
-34.47287,150.44397,0
-36.74156,149.94127,1
-34.4598,150.743,1
-33.50684,150.37137,1
-32.43956,147.8384,0
-32.69255,148.21554,0
-37.17141,142.80114,1
-34.91341,150.13946,1
-38.14672,143.84911,1
-38.27044,144.23511,1
-36.07727,146.87646,1
-33.35077,149.76489,1
-36.04574,146.99799,1
-33.71417,150.33679,1
-37.4067,148.20993,0
-37.88129,143.47506,1
-37.3442,145.026,1
-36.35024,148.84046,1
-35.19685,143.56524,0
-35.00482,146.43506,0
-36.50284,143.7055,1
-37.4855,144.585,1
-36.16447,146.40641,0
-35.70706,150.24491,1
-35.08648,145.11072,0
-38.0718,145.32552,1
-36.0244,148.71609,0
-36.35908,146.69391,1
-35.3927,144.24132,0
-35.45449,150.13771,1
-35.38248,149.10784,1
-37.85458,143.34784,1
-35.26791,147.10087,0
-38.01821,143.38663,1
-36.2741,146.82773,1
-36.2253,147.19692,0
-37.49313,144.58315,1
-37.6388,140.911,1
-38.3714,144.888,1
-34.57368,150.80201,1
-35.7687,146.021,1
-32.85204,147.58437,0
-36.23788,141.79545,0
-36.68219,142.66645,0
-35.75653,141.71721,0
-36.48632,146.2056,1
-33.44615,149.30025,1
-33.70762,149.21589,1
-37.8143,144.875,1
-38.01434,142.44314,0
-37.64647,140.5755,1
-37.02377,142.69253,1
-34.43532,150.89351,1
-35.94202,147.44102,0
-32.25869,148.58519,1
-37.87413,145.22079,1
-36.06234,145.90017,1
-36.03451,146.98518,1
-36.28971,144.08727,0
-36.55779,146.07804,1
-35.74169,150.1907,1
-37.40272,140.9056,0
-34.94574,145.15568,0
-38.20564,146.14991,1
-35.67804,145.38765,0
-33.94902,150.13866,1
-37.59762,144.23712,1
-34.49615,150.76264,1
-34.53917,150.38683,1
-37.02939,148.0025,0
-33.71737,148.98301,0
-34.51477,150.79354,1
-35.63828,150.30002,1
-35.77992,150.14361,1
-37.73241,144.05758,1
-35.1645,149.143,1
-33.99579,145.77194,0
-34.01018,148.83746,0
-34.32406,148.90559,0
-38.42358,145.05162,1
-36.87936,149.51467,0
-38.34863,142.76536,0
-35.62411,148.51855,0
-35.8986,147.49213,0
-36.14731,143.74607,1
-34.49551,150.77503,1
-37.94826,143.33135,1
-34.67646,150.80396,1
-32.49323,147.02978,0
-37.87134,146.88488,1
-33.71065,150.49361,1
-36.3292,146.83382,1
-34.4605,149.468,1
-33.95207,145.40903,0
-35.84251,143.11685,0
-34.48415,150.7759,1
-34.08322,151.01874,1
-34.09579,150.478,1
-39.0161,146.34,1
-33.81097,146.24677,0
-32.26768,147.02542,0
-36.03985,146.98493,1
-36.08206,146.95884,1
-34.0472,144.77519,0
-33.6679,150.92,1
-34.59004,150.85449,1
-34.5934,150.524,1
-33.75622,150.62337,1
-34.602,145.37544,0
-37.47796,147.01394,0
-34.1952,150.983,1
-35.19273,149.38416,1
-33.66195,150.27996,1
-34.30585,148.5226,1
-37.46824,149.60933,1
-31.64504,149.24015,0
-36.1992,146.80051,0
-34.3658,150.892,1
-37.99714,146.1676,1
-33.6647,150.808,1
-38.33358,142.15454,1
-36.98711,142.43228,0
-33.242,150.20616,1
-37.59736,144.23335,1
-34.08551,151.01959,1
-37.13657,141.50188,0
-37.80757,145.2634,1
-36.6804,149.842,1
-36.38559,143.03811,0
-34.28539,148.36947,1
-36.48291,143.35557,0
-36.76139,149.91322,1
-37.73203,147.67701,1
-35.00238,148.11074,1
-37.30935,145.77569,1
-36.46735,145.93376,1
-37.3593,144.09,1
-35.77557,144.49374,0
-31.97468,149.22089,0
-37.35149,149.21358,0
-37.54751,149.4569,1
-36.4392,148.264,0
-36.7058,147.138,1
-36.21871,141.19381,0
-35.62465,144.16382,1
-34.4115,150.868,1
-38.30206,142.3564,1
-35.32526,146.26698,0
-33.73013,150.62329,1
-37.91342,143.36023,1
-33.7387,150.47,1
-34.8918,150.609,1
-36.40029,141.3488,0
-35.03913,143.33222,1
-37.37153,141.85304,0
-35.72294,149.52885,1
-32.35312,148.86612,0
-36.67295,140.50862,0
-37.67502,144.23127,1
-36.17214,150.01859,1
-37.28934,146.9624,0
-37.84949,140.73632,1
-37.8917,143.36323,1
-35.19754,149.34395,1
-37.71316,145.18639,1
-34.80899,146.68865,0
-37.51789,148.99789,0
-32.76134,146.53795,0
-36.63521,145.71146,1
-37.4864,144.698,1
-34.3532,148.72205,0
-37.33922,144.17605,1
-37.612,144.588,1
-34.3347,150.909,1
-37.70003,144.80946,1
-36.13852,146.99664,1
-36.72475,140.4215,0
-34.27948,146.0779,1
-35.77374,145.13143,0
-36.3043,144.55403,1
-35.4536,149.082,1
-35.10128,150.18183,1
-33.6341,150.292,1
-38.2387,144.577,1
-31.08446,149.00981,1
-37.04147,142.40657,1
-36.66861,144.01913,1
-37.6517,145.236,1
-35.47036,149.0983,1
-35.7284,148.3055,0
-36.55788,148.88594,0
-37.88112,147.89058,1
-36.59363,141.61225,0
-33.81542,150.09109,0
-37.59324,144.22333,1
-34.0082,151.082,1
-34.1503,150.823,1
-34.345,148.272,1
-34.29052,150.9378,1
-33.78539,151.00995,1
-37.12662,148.29126,0
-37.63065,145.70805,1
-37.0268,142.70918,1
-32.23515,148.65285,1
-33.5744,150.32229,1
-37.62698,143.88358,1
-34.76028,147.59271,0
-35.22913,142.77596,0
-31.94166,148.63966,0
-34.03407,150.15052,0
-36.2823,147.00607,1
-37.92125,142.76294,0
-38.36872,144.98152,1
-34.6718,150.724,1
-36.03344,147.01604,1
-38.1908,144.312,1
-34.06929,150.44833,1
-37.7154,145.056,1
-33.5744,148.441,0
-33.74725,150.86225,1
-35.50678,145.49868,0
-37.97139,145.9503,1
-37.8113,145.196,1
-33.58293,146.25499,0
-32.33205,147.66581,0
-33.51145,150.69651,1
-33.85925,150.86994,1
-34.49679,150.76696,1
-35.1636,149.146,1
-38.16393,142.91498,0
-33.3012,149.015,1
-37.733,145.64175,1
-33.72583,148.55301,1
-31.8234,149.117,0
-35.54907,150.28887,1
-34.57015,149.71121,1
-34.85117,148.7453,1
-36.97688,145.3921,1
-34.01386,150.86747,1
-38.0577,145.135,1
-35.53787,149.66533,1
-34.40883,146.50568,0
-36.23065,150.09423,1
-33.97559,146.26243,0
-34.47336,144.8135,0
-36.69365,141.9941,0
-34.28942,145.41984,0
-36.50235,146.55583,1
-35.31375,149.19151,1
-37.74486,141.44486,0
-34.0683,150.825,1
-36.83142,143.70342,1
-33.97822,151.08812,1
-35.81803,145.59694,1
-34.41375,150.81809,1
-38.04137,145.92192,1
-35.2129,149.019,1
-35.24275,150.12286,0
-34.19494,146.48962,0
-34.02838,150.69894,1
-33.88246,147.68575,0
-36.21818,141.71803,0
-33.79038,148.97766,0
-38.12863,147.01376,1
-37.06033,143.74302,1
-36.0509,146.972,1
-37.8334,145.37,1
-38.33178,142.43415,1
-36.63508,142.62767,0
-37.85201,143.19787,0
-35.42691,143.95647,1
-34.14038,151.026,1
-36.81125,141.01926,0
-37.4059,143.99097,1
-35.57401,150.3453,1
-38.02496,144.39622,1
-33.43549,149.56375,1
-34.52389,144.24774,0
-33.66309,150.60906,0
-37.51432,142.89686,0
-37.05183,144.21537,1
-37.89172,143.36331,1
-33.24861,150.19475,1
-37.47025,144.59043,1
-38.32572,144.22067,1
-37.8411,144.68,1
-33.50147,150.68944,1
-36.51896,147.90813,0
-33.75231,150.97756,1
-37.88191,144.79627,1
-37.59348,149.6591,0
-33.87921,151.04166,1
-34.42622,150.59391,1
-31.60117,149.04603,0
-37.13418,146.76332,0
-37.8262,145.161,1
-37.84191,145.10984,1
-33.70825,149.21573,1
-37.50826,141.70557,0
-34.53814,147.25381,0
-37.80748,145.26375,1
-34.61883,145.59948,0
-33.62398,148.38465,0
-34.06041,151.0796,1
-37.73315,141.26412,0
-36.63374,146.96934,0
-33.70071,150.5842,1
-34.49377,150.76644,1
-37.86154,145.52371,1
-33.7264,150.6,1
-36.22435,146.74994,0
-35.72468,149.63799,1
-33.8973,145.36772,0
-34.37133,147.82905,0
-35.3719,149.238,1
-37.50739,141.79032,0
-32.6453,148.37818,0
-35.19098,143.77925,0
-35.71596,150.14217,1
-32.83305,147.01061,0
-36.95429,149.92376,1
-37.29461,140.84139,0
-37.74758,145.28686,1
-37.8322,145.435,1
-35.75656,141.56259,0
-36.16793,146.14109,0
-35.60537,143.29248,0
-34.49607,150.77664,1
-33.4234,150.084,1
-35.47726,146.52258,0
-36.03527,146.98527,1
-37.90382,145.15064,1
-32.23196,147.26094,0
-36.13853,146.99649,1
-37.35256,144.13932,1
-37.4157,144.70896,1
-33.79845,149.22862,1
-37.31256,148.2146,0
-33.77521,150.62299,1
-36.0385,146.977,1
-31.48137,149.1762,0
-32.37222,148.86952,0
-35.65419,145.28768,0
-32.66235,148.05981,0
-34.67075,150.27438,1
-36.05537,146.98081,1
-33.75999,150.85943,1
-35.57158,143.94153,1
-36.54878,142.90824,0
-32.02242,147.47248,0
-36.71231,143.35381,0
-33.98904,150.99362,1
-38.00741,145.99897,1
-33.7071,150.96611,1
-36.88829,141.59877,0
-33.42203,150.69664,1
-31.68238,147.96749,0
-36.4371,146.59702,1
-37.60846,142.0154,0
-37.87489,143.41921,1
-38.25687,144.54891,1
-35.3962,149.118,1
-35.9148,144.25146,1
-34.58793,143.73188,0
-31.47139,148.8099,0
-38.29667,142.85616,0
-35.1388,149.90535,0
-33.49224,150.42139,1
-37.3089,142.64108,0
-34.19681,148.46937,0
-33.93795,150.98758,1
-37.89163,143.36339,1
-38.14287,144.0154,1
-34.5357,146.42,1
-33.87764,151.03557,1
-38.21949,145.71421,1
-37.47589,147.55529,0
-36.3995,150.06033,1
-34.39584,150.88649,1
-38.477,145.7467,0
-34.43695,150.87365,1
-33.6876,150.55,1
-37.22346,148.65936,0
-35.39631,149.1165,1
-36.16818,147.69777,0
-35.14514,148.76668,0
-33.52622,150.70485,1
-33.7828,151.01,1
-34.78941,149.4045,1
-33.7564,150.6233,1
-36.25987,143.51495,1
-36.29987,148.18059,0
-33.03067,145.80933,0
-37.63532,142.76707,0
-37.34828,144.36719,1
-37.84308,145.31414,1
-37.89265,144.2183,1
-38.56516,143.05565,1
-35.38194,149.31124,1
-37.59761,144.23252,1
-34.6955,150.83603,1
-35.22331,147.74672,0
-34.31292,150.91488,1
-34.20096,146.47344,0
-34.81076,143.35312,0
-36.89422,149.90305,1
-36.38968,143.35832,0
-34.51264,149.96217,0
-33.64716,146.65706,0
-35.93569,143.7721,0
-37.48166,143.81244,1
-37.79542,142.39762,0
-34.6085,145.02727,0
-37.77078,145.10222,1
-37.7399,141.091,1
-38.2677,144.494,1
-37.09921,140.9139,0
-37.80758,145.26365,1
-36.46924,144.60086,0
-35.44427,150.36037,1
-33.2757,149.51197,0
-33.3639,147.995,0
-36.01874,148.40308,0
-31.89296,149.26238,0
-37.37085,144.02075,1
-34.42355,150.8501,1
-37.89177,143.36328,1
-34.95118,146.4603,0
-37.59197,144.21495,1
-37.64197,142.40026,0
-35.89615,144.46409,0
-37.9163,147.71,1
-36.2695,146.63301,1
-38.14302,141.66056,0
-34.0133,151.085,1
-35.55558,148.49014,0
-35.79611,142.85792,0
-33.50796,149.70422,1
-35.27773,142.75185,0
-37.27309,149.09105,0
-37.6705,144.597,1
-34.41442,150.85686,1
-34.49551,150.77494,1
-35.77394,148.91492,1
-34.9951,149.304,1
-37.4267,143.719,1
-33.7001,150.37,1
-36.85646,142.93375,0
-33.17947,147.94132,0
-37.8297,144.981,1
-36.45057,145.70053,0
-33.9269,150.943,1
-36.97325,144.17898,1
-34.417,150.471,1
-37.361,144.463,1
-35.92757,143.9541,0
-37.28,144.336,1
-37.23931,142.94761,1
-34.66602,150.74636,1
-36.0473,148.49106,0
-36.07121,145.34867,0
-37.74768,145.28708,1
-38.1785,144.457,1
-32.48353,147.60466,0
-34.80904,143.71475,0
-32.78687,149.68152,0
-36.8895,144.797,1
-35.1248,149.29438,1
-37.14312,142.22324,0
-33.9324,150.92376,1
-36.45958,148.74124,0
-35.79397,146.20487,0
-35.75541,143.95887,1
-33.45328,149.3402,1
-34.28988,149.38235,0
-38.19383,147.07466,1
-38.70411,143.37542,1
-35.01623,150.3558,0
-38.36934,144.98004,1
-34.25003,147.86755,0
-35.23959,148.24137,0
-35.67368,147.5952,0
-38.40016,145.01858,1
-32.23246,148.64198,1
-37.91574,144.425,1
-36.95313,146.36865,0
-37.47254,144.49003,1
-35.14978,147.62314,1
-35.19551,146.0615,0
-36.55775,146.07805,1
-36.6154,144.51,1
-36.55294,145.9881,1
-37.30711,143.78569,1
-35.94461,145.04824,0
-34.69367,150.18542,1
-34.29476,145.55309,0
-35.43774,147.83865,0
-35.61424,148.91467,1
-35.50706,143.84186,0
-35.80231,148.9676,1
-35.44338,148.47855,0
-35.19748,149.14888,1
-35.94635,148.62403,1
-36.7085,146.18656,0
-36.19476,146.61291,1
-32.6336,147.26056,0
-38.0715,145.30558,1
-36.46445,144.22527,0
-37.49362,144.58326,1
-33.75543,150.62345,1
-34.67434,150.58452,1
-36.75533,149.94157,1
-37.89172,143.36329,1
-35.33143,149.02894,1
-37.1324,143.964,1
-37.86093,145.71794,1
-34.0819,151.145,1
-37.77023,145.30726,1
-32.50513,146.77728,0
-33.96316,150.95777,1
-33.53685,150.19344,1
-37.59132,143.87796,1
-34.52438,148.57518,1
-37.07534,144.50121,1
-33.70853,150.90898,1
-34.49602,150.77664,1
-34.97513,147.78197,1
-36.43845,145.37959,1
-37.58187,143.8484,1
-33.62402,145.01989,0
-33.12845,148.39568,1
-33.7554,150.724,1
-36.20233,147.55929,1
-36.33052,147.44346,0
-36.82133,143.88821,1
-32.10976,147.18398,0
-32.32448,149.94986,1
-36.05804,147.51301,0
-32.40981,146.8838,0
-38.36765,142.48093,1
-35.39188,150.44333,1
-38.1561,144.37,1
-34.36658,150.91545,1
-35.68243,150.23436,1
-38.3715,144.888,1
-37.55295,147.96843,0
-35.8,150.2,1
-32.51951,148.77744,0
-32.43292,147.41959,0
-34.11165,148.91203,0
-37.38383,145.56242,1
-34.02071,147.58993,0
-34.8649,150.21872,1
-34.92373,143.11991,0
-32.80323,149.37212,1
-37.00496,148.88336,1
-33.65426,150.05295,1
-33.7178,150.46,1
-35.27395,149.13054,1
-36.035,146.98536,1
-35.26499,150.01564,0
-34.74393,149.66321,1
-33.01846,147.63551,0
-37.38533,146.10833,0
-34.9892,150.602,1
-32.55961,148.9581,1
-36.50133,149.00157,0
-37.78355,146.65678,0
-37.64163,145.19731,1
-37.59624,144.23955,1
-37.72217,145.13352,1
-34.08533,144.06805,0
-37.29276,143.00483,1
-35.946,148.62409,1
-36.30246,144.22812,0
-32.81646,147.64552,0
-36.46705,143.38416,0
-35.63102,146.59947,0
-34.75254,144.10851,0
-35.26802,143.33251,0
-34.04286,145.07075,0
-36.9077,145.58082,0
-37.06565,145.50916,1
-34.19492,150.98008,1
-33.43972,150.05246,1
-36.22743,148.17908,0
-35.26953,150.49012,1
-34.3221,150.912,1
-34.66289,150.84435,1
-37.37719,147.88214,0
-35.3516,149.23,1
-34.4137,150.81805,1
-33.74942,150.86371,1
-34.75397,142.9643,0
-37.26961,145.89877,1
-37.64337,145.29591,1
-34.6832,150.852,1
-35.3898,149.049,1
-31.18616,148.89542,1
-35.80782,150.02156,1
-36.89053,149.59635,1
-33.75771,150.62232,1
-37.17536,142.28601,0
-35.20616,148.39131,0
-33.74836,150.66216,1
-37.89149,143.36335,1
-33.36807,149.75061,1
-33.24004,148.95801,1
-32.19451,148.8989,1
-37.44426,143.88944,1
-34.43532,150.8937,1
-35.30292,142.46625,0
-37.2183,140.71406,0
-36.3362,142.96931,0
-36.04651,150.12542,1
-37.5834,142.65001,0
-35.9234,150.082,1
-33.40824,149.82029,1
-34.67457,150.70667,1
-38.45219,142.78452,0
-36.88827,145.23567,1
-32.42419,148.13166,0
-33.89654,146.04229,1
-33.95246,144.85336,0
-36.06981,146.84607,1
-35.26843,147.00253,0
-33.58878,147.16068,0
-38.17759,144.57494,1
-34.09125,148.31079,0
-36.72202,142.21292,1
-36.16952,150.13141,1
-33.53787,150.41339,1
-37.86693,145.35547,1
-32.93392,148.88374,1
-36.89697,145.15981,1
-33.83502,147.88952,0
-36.74467,145.04685,0
-33.75629,150.62333,1
-33.9091,150.622,1
-37.58947,143.65998,1
-34.49375,150.76642,1
-33.62053,150.64271,1
-36.32869,146.85593,0
-37.66702,142.63537,0
-34.3201,150.57006,1
-32.14915,147.6721,0
-34.81612,144.87948,0
-36.56905,143.60507,0
-35.38725,142.82347,0
-38.22087,142.26844,0
-37.40287,146.0895,0
-32.18078,147.85691,0
-39.06519,146.43012,1
-34.3881,150.869,1
-37.36812,146.2693,0
-35.20184,149.14271,1
-35.3302,149.415,0
-34.95037,149.48335,1
-35.13507,145.69103,0
-33.74973,150.96343,1
-36.7562,144.27314,1
-33.48593,149.92013,0
-33.14688,148.67138,0
-37.66686,144.02333,1
-35.1508,149.147,1
-37.93964,143.83277,1
-31.75852,148.20465,0
-37.70311,146.80533,0
-38.1755,146.27409,1
-33.81776,150.93085,1
-38.07862,143.26866,1
-37.02136,149.25463,1
-35.9652,146.94273,0
-37.89177,143.36327,1
-37.5425,143.824,1
-33.75583,150.63104,1
-36.60893,140.96363,0
-36.56573,143.34949,0
-35.61194,145.81817,0
-32.27012,147.12071,0
-35.9797,144.19559,0
-37.56453,144.08962,1
-37.703,145.284,1
-37.6978,140.643,1
-36.57971,145.3785,0
-35.36796,147.7261,0
-33.73206,149.05508,0
-33.04993,147.72011,0
-36.973,144.17881,1
-38.10914,145.31946,1
-36.43745,148.44308,1
-34.8257,149.82512,1
-37.8522,141.02,0
-35.90387,144.24068,1
-35.5469,144.965,0
-35.26615,144.93384,0
-37.98781,143.54718,1
-36.12325,147.09917,1
-34.00407,150.86368,1
-34.18612,150.77039,1
-36.5166,149.36143,0
-35.81895,141.30503,0
-33.76177,151.00143,1
-37.4361,143.912,1
-37.16536,142.69447,1
-34.94569,144.92065,0
-37.7756,145.358,1
-37.92801,145.51349,1
-34.53132,145.92556,0
-37.7825,144.952,1
-33.35863,147.57444,0
-34.53147,150.218,1
-35.74186,149.37756,1
-34.0814,151.018,1
-36.07021,147.78376,0
-38.6958,146.075,1
-37.7163,144.583,1
-34.49286,150.76861,1
-36.3289,144.019,1
-34.04468,151.07484,1
-33.76648,149.45717,0
-37.7478,145.287,1
-37.8271,145.148,1
-34.83243,149.59847,1
-36.71948,149.9628,1
-36.09985,147.20128,0
-35.2817,150.47548,1
-37.31283,144.64844,1
-34.7532,146.547,1
-38.57308,146.31121,1
-33.65871,147.43711,0
-35.24955,144.13762,1
-37.40592,147.93137,0
-36.41981,149.10546,0
-36.03769,146.97805,1
-34.08208,144.14548,0
-37.9533,146.991,1
-35.1767,149.104,1
-36.49151,144.66461,0
-36.86893,146.9707,0
-37.79545,148.49767,1
-37.2525,144.913,1
-34.67884,150.06688,1
-37.32322,142.70901,1
-37.52178,144.00702,1
-31.79089,147.70651,1
-37.3629,144.089,1
-33.7954,150.74348,1
-35.3199,149.107,1
-38.29146,143.31443,0
-32.25884,148.58504,1
-36.39686,148.77441,0
-37.12599,148.38854,0
-36.63289,149.05141,0
-33.71024,150.07007,1
-33.83686,149.7152,0
-37.32601,140.63877,0
-36.99488,140.6722,0
-34.09157,145.10084,0
-37.36007,146.91099,0
-37.1145,146.20253,0
-36.40931,144.41677,0
-38.188,144.452,1
-34.57923,150.77239,1
-37.1895,150.017,1
-35.1787,147.365,1
-34.09561,150.97937,1
-36.43499,145.22396,1
-38.4978,145.647,1
-34.74446,150.69649,1
-34.10298,150.97184,1
-37.97218,145.45695,1
-35.8652,147.249,1
-37.44194,145.61636,1
-38.40197,145.91622,1
-35.3847,150.359,1
-37.93836,145.74774,1
-35.0763,150.677,1
-34.57702,146.13196,0
-37.75566,149.33976,0
-37.86866,143.36165,1
-34.85643,150.5822,1
-34.577,150.777,1
-36.66758,140.45273,0
-33.39288,147.21116,0
-38.1951,145.23074,1
-35.574,145.25276,0
-38.13576,145.23665,1
-34.41387,148.91454,0
-37.54634,144.89059,1
-34.8827,147.497,1
-35.58987,145.30756,0
-36.93839,148.62526,0
-36.71572,142.96865,0
-35.24949,149.16744,1
-37.04973,144.21708,1
-36.38121,148.77191,0
-34.96775,145.62278,0
-34.312,146.0056,1
-36.44016,144.82658,1
-36.6326,149.763,1
-34.9846,149.9189,1
-37.88281,147.7678,1
-32.26056,148.30039,0
-31.72977,148.90596,0
-38.08072,145.51218,1
-33.49115,148.9554,1
-37.11383,146.14227,1
-35.09082,148.41351,1
-31.9358,148.91796,0
-36.05123,145.02309,1
-36.45557,145.8737,1
-36.40188,141.77995,0
-34.35452,149.53958,0
-34.90915,143.22463,0
-35.03179,149.75129,0
-37.767,140.801,1
-35.31914,143.52497,1
-36.06343,146.80077,1
-37.36571,147.374,0
-35.38027,149.69552,1
-37.7884,142.30678,0
-32.2347,148.28858,1
-37.11844,142.29683,0
-34.92742,146.10657,0
-33.86955,146.81092,0
-35.63868,143.36503,0
-38.24274,144.23309,1
-37.705,140.771,1
-34.3633,149.395,0
-36.03466,147.01648,1
-34.79421,148.41409,0
-35.33375,149.48054,1
-38.29884,145.22428,1
-33.6713,149.769,1
-36.22343,146.06091,0
-34.9422,148.22841,0
-37.98244,147.49054,0
-38.6405,145.60299,1
-38.01818,143.39216,1
-38.09267,141.92934,0
-34.45416,146.51062,0
-38.59872,145.86889,1
-38.74124,146.15442,1
-34.43549,150.8934,1
-37.6544,145.149,1
-36.12172,144.2404,0
-33.75579,150.62335,1
-35.26855,148.23191,0
-37.53538,143.44754,0
-34.8585,149.14432,1
-34.1444,150.826,1
-38.37484,144.77505,1
-34.7,150.7,1
-36.88782,141.17698,0
-34.49566,150.77085,1
-37.7228,142.028,1
-32.42858,150.06241,0
-35.98023,142.15013,0
-35.90348,145.42378,1
-37.09909,141.36918,0
-36.42106,143.91307,0
-34.95563,149.1958,1
-35.9196,150.086,1
-33.99465,144.37527,0
-35.36817,144.2655,0
-36.04419,146.98348,1
-37.32691,144.13645,1
-37.14886,144.96094,1
-36.77979,147.26804,0
-36.48765,144.63715,0
-34.13622,150.8665,1
-36.38974,146.53677,1
-34.3053,150.41342,1
-36.15322,140.91302,0
-37.0569,147.782,1
-33.75557,150.6286,1
-37.88214,145.45093,1
-37.3781,143.93275,1
-36.8271,149.831,1
-38.93689,146.24705,1
-34.35974,145.93371,0
-36.2158,150.125,1
-37.10638,145.58015,1
-36.41397,146.62391,1
-34.34962,148.03649,0
-38.0747,141.1123,0
-36.84832,142.85676,0
-38.07324,144.22765,1
-32.74204,146.80741,0
-34.0972,150.823,1
-34.59165,143.51016,0
-37.33983,147.87136,0
-37.68644,145.12441,1
-38.683,145.877,1
-36.85766,147.70518,0
-36.4896,148.2771,0
-37.45184,149.37879,0
-37.6098,144.548,1
-37.21231,148.32741,0
-36.42967,149.48962,0
-35.07279,149.60407,1
-38.48657,143.65315,1
-36.97315,144.17892,1
-35.72582,147.41908,1
-34.31951,150.92491,1
-34.95571,149.19541,1
-33.92812,150.25781,0
-35.97762,148.69273,1
-33.29444,150.52141,1
-35.07725,146.45124,0
-36.21759,145.81634,0
-36.5601,148.59458,0
-37.72622,140.91063,1
-34.2499,150.938,1
-33.18021,147.46281,1
-34.57912,150.77221,1
-34.49593,150.77569,1
-35.2552,149.13,1
-32.7502,146.20629,0
-37.88162,147.68231,1
-36.9494,140.74139,0
-34.0545,150.689,1
-33.6994,150.3845,1
-36.14313,146.07091,0
-33.92523,148.4001,0
-36.02163,143.27247,0
-35.16044,148.51645,0
-33.25364,150.195,1
-35.3163,149.16,1
-38.19288,145.1996,1
-37.79401,145.30334,1
-34.67766,147.90054,0
-36.55726,144.17366,1
-34.32031,150.56954,1
-36.92517,145.78597,1
-34.77911,150.56415,1
-38.45845,146.01323,0
-37.26986,145.28346,1
-35.54472,143.17655,0
-34.4966,150.77692,1
-33.20559,148.99886,1
-38.0695,143.75574,0
-38.33904,144.06403,1
-37.81956,144.48363,1
-34.07065,150.83979,1
-34.34108,147.89797,0
-32.1223,149.29596,0
-33.3763,150.185,1
-34.94699,149.25825,1
-34.80648,149.54975,1
-35.48149,147.91878,0
-36.51051,143.63274,1
-37.88073,144.24395,1
-35.80866,147.31639,1
-36.53843,146.01216,1
-34.46137,145.36717,0
-36.73079,147.47135,0
-37.44598,145.92896,0
-33.75635,150.62382,1
-34.62468,145.28467,0
-35.36658,150.31191,1
-34.04481,151.07495,1
-36.02346,144.68768,1
-34.4137,150.81798,1
-37.34341,144.1757,1
-34.49594,150.77588,1
-35.49842,143.92528,1
-34.49631,150.77682,1
-34.66264,147.61898,0
-35.163,149.146,1
-37.73363,144.05525,1
-37.9528,144.436,1
-32.38701,148.86552,0
-33.96,150.957,1
-37.80744,145.26369,1
-36.155,143.30865,0
-38.70996,145.85389,1
-37.80769,145.26376,1
-38.50269,146.63276,0
-34.00039,151.06075,1
-37.18067,143.62175,1
-37.9055,143.01708,0
-35.11674,146.89765,0
-37.34975,144.13988,1
-38.06341,141.24936,0
-33.98212,151.06601,1
-36.11386,143.88494,1
-35.95141,148.59457,0
-34.11079,149.67379,0
-36.42617,149.0376,0
-34.0199,150.859,1
-35.24606,149.4462,1
-36.55176,148.43326,1
-32.38015,148.00926,0
-34.03869,150.2182,1
-33.88619,144.37115,0
-38.48682,145.88159,1
-37.38737,144.31905,1
-36.98811,142.43434,0
-33.5463,150.261,1
-37.20231,143.40983,1
-35.39318,149.04677,1
-37.61306,140.59321,1
-35.05785,143.23777,0
-34.00467,148.54916,0
-32.81736,149.13976,0
-37.3919,149.70507,0
-37.89465,144.21924,1
-37.4913,144.57918,1
-35.49514,148.79439,0
-36.5086,142.025,1
-38.18248,144.65487,1
-35.46959,145.8451,0
-33.68893,150.3203,1
-36.75693,144.03081,1
-38.8244,146.259,1
-34.9405,149.25154,1
-37.80755,145.26351,1
-38.219,145.067,1
-33.77451,150.64033,1
-34.73016,148.17944,1
-33.75626,150.62316,1
-35.2293,149.098,1
-38.24091,146.83512,0
-36.09582,141.8218,0
-33.79482,150.93184,1
-37.3231,148.17905,0
-37.89267,144.21811,1
-35.57176,143.27991,0
-37.63043,148.37421,0
-35.00076,149.8946,1
-36.21986,148.85897,0
-35.9438,146.96489,1
-35.26478,146.09919,0
-33.53984,148.17857,0
-34.60569,144.55853,0
-37.89168,143.36335,1
-32.01828,149.30181,0
-37.46486,145.39881,1
-33.33779,147.96383,0
-33.75559,150.98321,1
-36.36617,146.69968,1
-37.77722,144.98553,1
-33.59927,145.50935,0
-34.085,151.155,1
-35.79262,147.37319,0
-37.75681,147.66191,1
-35.19042,145.69545,0
-38.42452,143.11148,0
-34.22156,144.0638,0
-34.67233,150.80693,1
-34.30719,144.5251,0
-37.2386,144.37555,1
-37.08969,141.94225,0
-37.75551,147.53916,1
-33.8074,150.66,1
-35.33141,149.02924,1
-33.68589,150.53401,1
-37.34461,144.15571,1
-37.39657,147.04655,0
-34.49553,150.77508,1
-34.07555,150.75716,1
-34.31313,150.92325,1
-32.71615,149.81687,0
-36.55518,142.65784,0
-37.89321,143.36198,1
-35.36064,143.73828,1
-33.30375,149.02319,1
-37.6532,143.877,1
-38.38199,144.85393,1
-37.18688,148.26571,0
-37.93475,143.31873,1
-38.1963,145.23106,1
-36.28173,145.89305,0
-33.6878,150.55,1
-32.39977,150.03673,0
-37.19652,141.36654,0
-36.57745,145.96255,1
-36.73614,148.79493,0
-38.66874,146.67804,1
-32.76512,150.06714,0
-35.10727,146.26496,1
-33.43497,150.52194,1
-35.40776,146.61058,0
-37.80737,145.26374,1
-37.59792,144.23287,1
-36.5388,147.053,1
-33.4356,149.57,1
-36.23645,148.10481,0
-33.74387,150.86156,1
-37.7885,146.9231,1
-35.25034,149.44755,1
-34.3288,148.00439,0
-33.64911,149.06786,1
-35.17993,149.81394,1
-36.07632,142.89909,0
-32.48967,149.65755,1
-34.52303,147.26022,0
-37.80444,143.41645,1
-36.21561,149.12035,1
-36.47876,148.27713,0
-37.22657,140.28049,0
-33.23918,146.78192,0
-34.00351,150.86392,1
-31.95426,148.73392,0
-36.16189,141.31769,0
-35.48956,144.65715,0
-37.98615,141.03067,0
-33.5718,148.425,0
-34.7848,147.88543,0
-37.8295,144.909,1
-37.82656,145.14439,1
-33.24205,149.35811,1
-34.94917,148.73656,0
-34.58264,145.48842,0
-33.49923,148.18481,1
-35.01415,150.82765,1
-36.36057,147.09691,0
-34.3885,150.869,1
-36.81714,144.42885,1
-37.50418,142.65843,0
-34.63999,150.55892,1
-36.10671,147.9693,0
-34.8378,150.599,1
-35.70115,146.9096,1
-36.04837,148.91274,0
-36.27608,141.89901,0
-35.26233,147.36868,0
-35.41714,149.23328,1
-36.14711,142.00244,0
-33.7413,150.949,1
-35.67421,146.25614,0
-37.3438,144.17853,1
-32.5864,149.582,1
-37.33142,147.80481,0
-33.95949,150.96814,1
-32.70112,149.93703,0
-37.2538,149.00202,0
-37.80762,145.26377,1
-34.36516,144.16103,0
-36.37597,146.47537,1
-34.49608,150.77545,1
-37.69074,144.86851,1
-38.0025,146.05369,1
-33.44901,145.81402,0
-35.33949,146.92838,0
-36.4159,148.408,1
-34.60669,150.22521,1
-34.47417,145.36274,0
-37.1969,148.22465,0
-36.02969,147.55606,0
-34.06358,151.12389,1
-35.4225,149.243,1
-33.65498,150.05253,1
-36.38607,143.44785,0
-34.3157,150.569,1
-37.54953,145.42568,1
-33.93652,150.9781,1
-37.59693,144.23772,1
-32.93641,148.58525,0
-34.99191,143.5676,0
-37.76373,148.98774,0
-35.32774,148.52705,1
-38.05078,145.73157,1
-37.20648,143.11038,1
-37.90136,143.51916,1
-37.7333,142.039,1
-33.75258,150.48341,1
-35.14452,146.78276,0
-33.7155,150.43,1
-35.89517,143.26047,0
-36.90601,149.24326,1
-38.2277,144.545,1
-36.39299,142.99108,0
-35.64052,144.28121,0
-37.8382,145.00954,1
-38.38736,143.62302,1
-34.03021,150.67724,1
-34.56424,149.49758,0
-38.59196,145.57694,1
-34.7972,149.77598,1
-34.32956,150.90855,1
-32.25879,148.58524,1
-36.20886,146.23733,0
-36.1011,146.53989,0
-37.34102,144.40243,1
-34.41708,147.46398,0
-37.80557,145.59499,1
-38.17501,142.70442,0
-34.76196,149.87395,1
-34.21797,150.59884,1
-31.54242,149.42486,0
-36.037,146.369,1
-37.12993,141.09012,0
-37.20757,146.57652,0
-36.78656,149.28132,1
-36.62114,148.50972,0
-35.91269,146.52764,0
-35.07317,144.16284,0
-31.45917,149.16953,0
-36.29126,144.79892,1
-34.48142,146.92486,0
-34.08744,151.05457,1
-37.0377,145.67651,1
-35.3219,150.477,1
-34.39236,150.87046,1
-34.0156,150.836,1
-36.70451,142.70572,0
-36.32463,149.94394,1
-36.97309,144.17873,1
-34.54307,143.49666,0
-36.78703,141.64074,0
-38.14866,141.90356,0
-37.26257,144.19588,1
-35.20611,149.11164,1
-37.03514,141.32701,0
-31.46954,148.36233,0
-38.38193,144.95024,1
-35.2374,149.62,1
-36.0193,146.35,1
-36.45255,149.9309,1
-36.77696,142.40422,0
-37.80746,145.26358,1
-37.87476,142.99417,0
-34.41357,149.19766,1
-38.3973,144.93191,1
-34.89858,146.54264,1
-37.59835,149.72308,1
-34.7955,150.67,1
-34.56118,150.82369,1
-34.30291,150.00593,1
-33.93272,150.63474,1
-37.8327,144.983,1
-37.88453,143.495,1
-32.89003,149.03989,0
-37.11743,145.2926,1
-34.69044,149.07554,1
-37.76744,148.09328,1
-36.32069,146.29981,1
-37.3072,144.264,1
-35.2278,149.707,1
-38.48473,145.96853,1
-37.49367,144.58348,1
-38.14814,145.32496,1
-37.632,144.84,1
-37.3631,149.80229,0
-35.32645,142.05602,0
-36.25808,149.76618,0
-35.205,149.014,1
-37.30178,144.11937,1
-35.97989,143.52926,0
-36.1971,149.078,1
-37.83002,144.81683,1
-36.03769,146.98791,1
-35.3749,149.203,1
-33.31421,149.86942,1
-37.38709,144.31999,1
-36.6695,149.831,1
-33.0872,147.74725,0
-34.61359,145.25506,0
-36.16334,144.09141,0
-35.10679,149.21386,1
-36.76499,142.48478,0
-34.18329,145.08308,0
-36.67692,144.74318,1
-37.91278,143.35999,1
-33.95036,147.53286,0
-35.2384,149.621,1
-37.35242,144.13938,1
-32.2133,149.79,1
-36.40467,146.90606,0
-33.5301,145.83384,0
-32.21316,147.27841,0
-33.66616,150.45852,1
-32.24981,148.48271,1
-35.1281,147.82175,0
-37.34428,144.17881,1
-35.90975,144.16365,1
-34.04139,151.03636,1
-37.89178,143.36338,1
-34.25815,149.88549,1
-33.65165,148.42588,0
-35.96541,147.85782,0
-37.08891,144.4745,1
-36.65153,149.72233,1
-34.49615,150.77526,1
-34.14768,147.2192,0
-37.0,146.2,1
-38.09302,146.70073,1
-33.5389,145.85229,0
-35.33651,149.10973,1
-35.2175,149.344,1
-34.8917,150.609,1
-37.87306,143.40186,1
-35.68784,145.80074,0
-36.84603,145.50632,1
-37.4649,145.39878,1
-34.55524,148.42572,1
-33.36156,147.6952,0
-36.4227,148.625,1
-36.74324,147.62319,0
-33.5356,145.40164,0
-37.6103,145.327,1
-32.84251,149.04704,0
-33.7562,150.62318,1
-38.65704,146.71381,1
-37.35178,144.1392,1
-38.0302,145.533,1
-37.7265,149.16416,0
-37.06413,145.30086,1
-32.9098,146.79022,0
-36.04091,143.80216,1
-37.4203,143.1861,0
-36.14431,146.96806,1
-34.47267,148.3244,1
-37.47444,143.95308,1
-37.47254,140.65519,0
-36.8111,144.236,1
-38.05853,143.66668,1
-33.89898,147.40271,0
-32.88862,149.23606,1
-34.67002,143.75109,0
-33.69835,145.82531,0
-33.30862,148.01216,0
-33.75529,150.62365,1
-35.29031,149.36441,1
-37.4666,147.60401,0
-33.972,151.066,1
-36.90897,141.38678,0
-35.3625,149.247,1
-35.80411,145.19262,0
-37.69423,145.23843,1
-37.4253,145.441,1
-36.69133,142.41324,0
-34.07482,151.04344,1
-34.53923,150.387,1
-35.31651,149.03416,1
-35.2038,149.014,1
-35.8416,148.98,1
-37.7327,143.799,1
-35.23053,149.40456,1
-34.57393,148.92323,0
-36.85126,145.50667,1
-33.7006,150.871,1
-36.97316,144.17903,1
-33.97212,150.86874,1
-36.3296,145.30443,1
-38.1551,144.31,1
-33.52614,150.70492,1
-36.73526,144.27018,1
-34.89191,144.93269,0
-37.93298,144.7603,1
-37.82388,145.24724,1
-36.65886,146.23364,1
-37.88157,146.3182,0
-35.2355,149.161,1
-34.59552,150.85052,1
-36.95133,142.95763,0
-36.13089,143.6436,0
-37.87551,145.287,1
-34.17871,150.99255,1
-34.461,149.467,1
-35.27828,149.10928,1
-35.95513,146.47605,1
-38.735,143.4293,1
-31.85404,149.11212,0
-38.48662,143.92189,1
-36.71393,142.30688,1
-38.40696,144.07256,0
-37.89491,145.99878,1
-34.57518,150.76343,1
-37.80081,144.89087,1
-33.7889,148.415,0
-37.71575,143.84843,1
-34.5339,146.424,1
-36.34773,143.27373,0
-37.47475,148.07643,0
-38.03142,144.47336,1
-34.0528,150.528,1
-37.4695,144.744,1
-36.5576,146.07807,1
-36.59929,142.76162,0
-37.34962,144.1399,1
-34.44389,146.44297,0
-34.75036,148.14837,0
-36.62432,146.59037,1
-36.23143,144.03676,0
-36.07305,148.43618,1
-33.7178,150.37353,1
-37.38697,144.31976,1
-35.80238,148.82801,0
-37.77084,145.10224,1
-36.44566,145.06103,1
-35.03523,143.78501,0
-38.4086,145.536,1
-36.58447,149.48471,0
-35.7954,150.229,1
-35.41094,146.38484,0
-36.01087,147.3717,0
-37.3862,144.453,1
-37.7073,140.948,1
-33.34276,145.73648,0
-34.45569,150.442,1
-36.24144,144.72038,1
-32.194,148.90032,1
-32.87455,150.2098,1
